 method;n_elements;time
 matmul();         100 ;   0.0000000000000000     
 nested loops;           0 ;   0.0000000000000000     
