 method;n_elements;time
 matmul();         100 ;   1.0967254638671874E-006
 nested loops;         100 ;   1.0967254638671874E-006
 numpy;         100 ;   1.4694929122924805E-003
 matmul();        2500 ;   6.6089630126953122E-005
 nested loops;        2500 ;   1.2059211730957032E-004
 numpy;        2500 ;   9.9291801452636727E-004
 matmul();       10000 ;   2.4859905242919923E-004
 nested loops;       10000 ;   1.1512994766235351E-003
 numpy;       10000 ;   2.1359920501708984E-004
