 method;n_elements;time
 matmul();         100 ;   0.0000000000000000     
 nested loops;         100 ;   0.0000000000000000     
 numpy;         100 ;   3.9990022778511045E-004
 matmul();        2500 ;   0.0000000000000000     
 nested loops;        2500 ;   0.0000000000000000     
 numpy;        2500 ;   3.6995001137256622E-003
 matmul();       10000 ;   4.8992991447448734E-003
 nested loops;       10000 ;   1.7097400128841402E-002
 numpy;       10000 ;   2.5995999574661257E-003
