 method;n_elements;time
 matmul();         100 ;   0.0000000000000000     
 nested loops;         100 ;   0.0000000000000000     
 numpy;         100 ;   4.9989968538284297E-004
 matmul();        2500 ;   0.0000000000000000     
 nested loops;        2500 ;   0.0000000000000000     
 numpy;        2500 ;   8.9989975094795227E-004
 matmul();       10000 ;   4.5993000268936155E-003
 nested loops;       10000 ;   1.8997099995613099E-002
 numpy;       10000 ;   2.7995973825454710E-003
