 method;n_elements;time
 matmul();         100 ;  5.006790161132813E-007
 nested loops;         100 ;  1.096725463867187E-006
 numpy;         100 ;  1.171112060546875E-004
 matmul();        2500 ;  4.000663757324219E-005
 nested loops;        2500 ;  3.068447113037109E-005
 numpy;        2500 ;  6.151199340820312E-005
 matmul();       10000 ;  1.726150512695312E-004
 nested loops;       10000 ;  1.951932907104492E-004
 numpy;       10000 ;  3.180980682373047E-004
