 method;n_elements;time
 matmul();         100 ;  0.000000000000000E+000
 nested loops;         100 ;  0.000000000000000E+000
 numpy;         100 ;  0.000000000000000E+000
 matmul();        2500 ;  0.000000000000000E+000
 nested loops;        2500 ;  0.000000000000000E+000
 numpy;        2500 ;  0.000000000000000E+000
 matmul();       10000 ;  0.000000000000000E+000
 nested loops;       10000 ;  0.000000000000000E+000
 numpy;       10000 ;  0.000000000000000E+000
