 method;n_elements;time
 matmul();         100 ;  8.106231689453125E-007
 nested loops;         100 ;  1.120567321777344E-006
 numpy;         100 ;  1.134872436523438E-004
 matmul();        2500 ;  3.979206085205078E-005
 nested loops;        2500 ;  2.589225769042969E-005
 numpy;        2500 ;  6.871223449707031E-005
 matmul();       10000 ;  2.280950546264649E-004
 nested loops;       10000 ;  2.013206481933594E-004
 numpy;       10000 ;  3.421068191528321E-004
